Borough,Total,Fire,Special,False
city of london,1.5427586205227664,0.12448488762574589,0.2141534214564283,1.2041203114405923
