Borough,Total,Fire,Special,False
kensington and chelsea,0.9602661339611273,0.09435873397398661,0.2769760873688134,0.5889313126183272
