Borough,Total,Fire,Special,False
lambeth,1.395779407752229,0.2300968746183279,0.5633124480180228,0.6023700851158782
