Borough,Total,Fire,Special,False
southwark,1.6655646012495777,0.29790961174919095,0.5881663303460505,0.7794886591543362
