Borough,Total,Fire,Special,False
westminster,2.6108669208964694,0.318366229448756,0.5720918018133032,1.7204088896344103
