Borough,Total,Fire,Special,False
camden,1.7745680204967662,0.2155783433247091,0.45554661111176614,1.103443066060291
