Borough,Total,Fire,Special,False
greenwich,1.8971734947843244,0.45149774658833963,0.6771617199677692,0.7685140282282156
