Borough,Total,Fire,Special,False
hackney,1.1010886239243431,0.16849770854053933,0.416366339342317,0.516224576041487
