Borough,Total,Fire,Special,False
hammersmith and fulham,0.9830863875041206,0.13465690453550194,0.2940615644991502,0.5543679184694684
