Borough,Total,Fire,Special,False
islington,0.8273403178811299,0.12744140126217451,0.28195284789840325,0.4179460687205521
