Borough,Total,Fire,Special,False
lewisham,1.6266017550488943,0.292514740971202,0.5683110135335784,0.765776000544114
