Borough,Total,Fire,Special,False
tower hamlets,1.1190377778398177,0.2347013650942343,0.41585022903168095,0.46848618371390255
