Borough,Total,Fire,Special,False
wandsworth,1.3327348672240584,0.25281210674975063,0.417759877891379,0.6621628825829289
